From	Entry	Entry Name	Sequence
P20960	P20960	NRLA_ALCFA	MQTRKIVRAAAVQAASPNYDLATGVDKTIELARQARDEGCDLIVFGETWLPGYPFHVWLGAPAWSLKYSARYYANSLSLDSAEFQRIAQAARTLGIFIALGYSERSGGSLYLGQCLIDDKGQMLWSRRKLKPTHVERTVFGEGYARDLIVSDTELGRVGALCCWEHLSPLSKYALYSQHEAIHIAAWPSFSLYSEQAHALSAKVNMAASQIYSVEGQCFTIAASSVVTQETLDMLEVGEHNASLLKVGGGSSMIFAPDGRTLAPYLPHDAEGLIIADLNMEEIAFAKAINDPVGHYSKPEATRLVLDLGHREPMTRVHSKSVIQEEAPEPHVQSTAAPVAVSQTQDSDTLLVQEPS
B4AL96	B4AL96	B4AL96_BACPA	MEVFNMTSIYPKFRAAAVQAAPIYLNLEATVQKSCELIDEAASNGAKLVAFPEAFLPGYPWFAFIGHPEYTRKFYHELYKNAVEIPSLAIQKISEAAKRNETYVCISCSEKDGGSLYLAQLWFNPNGDLIGKHRKMRASVAERLIWGDGSGSMMPVFQTEIGNLGGLMCWEHQVPLDLMAMNAQNEQVHVASWPGYFDDEISSRYYAIATQTFVLMTSSIYTEEMKEMICLTQEQRDYFETFKSGHTCIYGPDGEPISDMVPAETEGIAYADIDVERVIDYKYYIDPAGHYSNQSLSMNFNQQPTPVVKQLNDNKNEVLTYEAIQYQNGMLEEKV
Q89GE3	Q89GE3	NITR1_BRADU	MQDTKFKVAVVQAAPVFMDAPASVAKAIGFIAEAGAAGAKLLAFPEVWIPGYPWWLWLGTPAWGMQFVPRYHANSLRADGPDILALCAAAAEAKINVVMGFSEIDGGTLYLSQVFISDAGEIIFKRRKLKPTHVERTLYGEGDGSDFRVVESSVGRLGALCCAEHIQPLSKYAMYSMNEQVHVASWPSFTLYRDKAYALGHEVNLAASQIYALEGGCFVLHASAITGQDMFDMLCDTPEKADLLNAEGAKPGGGYSMIFGPDGQPMCEHLPQDKEGILYADVDLSMIAIAKAAYDPTGHYARGDVVRLMVNRSPRRTSVSFSEDENAAVTFTET
A5EKU8	A5EKU8	A5EKU8_BRASB	MGLAHPKYKVAVVQAAPAWLDLDASIKKTIALIEEAADKGAKLIAFPEVFIPGYPWHIWMDSPAWCIGRGFVQRYFDNSLAYDSPQAEALRAAVRKAQLTAVLGLSERDGGSLYIAQWLIGADGETIAKRRKLRPTHAERTVYGEGDGSDLAVHERPDIGRIGALCCWEHLQPLSKYAMYAQNEQVHVAAWPSFSLYDPFAPALGAEVNNAASRVYAVEGSCFVLAPCATVSQAMIDELCDRPDKHALLHAGGGHAAIFGPDGSALAAQLPPDQEGLLIAEIDLGMIGIAKNAADPAGHYSRPDVTRLLLNKKPLNRVEHFSLPVDSAAAALPGEAAVARPDQSI
Q2GR86	Q2GR86	Q2GR86_CHAGB	MSAKLTKFKVAAAHAAPVFMNKAATTKKAIRLIEEAGAAAVKVLVFPETFIPGYPYFIECYPPITQAGALAKYAEESVVVEPNGDDMAGIQDACRRTGVAVSLGVSERVAGGHTLFNTQVTVDSDGTILGVHRKLQPTYVERMVWAQGDGSTLRNFPLSLGCNLGGLACWENTMNGARQALLTQGQHIHAGAWPALSTMRGFEAVADAQIEALMKAHALTAQVFVVTASNYVDETCLDWMRENLGEQDFVKLGGGWSSVIHPFCAFLAGPHTGAEEKLVQAEVDLEQLGVVKVWIDAAGHYQRPEILQFSFDARPHWADEKVNKFKLKGEEAREEDAEAKV
Q6N284	Q6N284	Q6N284_RHOPA	MAKLKVAAVQATTVPFDAAAATVRTVALIGEAAAKGAKIAVFPEAFIGGYPKGLDFGCAIGRRTPEGREDFARYVRGAIAVPGPEVDQLVAACAEHDLHATVGVIERDGGTLYCTALYLAPTGLLGIHRKIMPTGSERLVWGFGDGSTLTVVDTPYGKLGGAICWEHYMPLMRAAYYAKGVQIWAAPTADDRESWIATMRHIALEGRCFVIGACQVMRRSDFPADYASRIEAGPDEWMMHGRSVIVGPLGEILAGPLLDEEGILTADIDTDDILGSKLDFDAVGHYSRPDLFTLQVDERPQTPVAFSAKTGAGDAGA
A0LKP2	A0LKP2	A0LKP2_SYNFM	MKTDLRVAVVQAGAIPFDVEGSVEKACSLLADAAAKGAELAVFPEAFVSVYPKGLDFGCRLGMRLPEGREEFRRYWASAIEVPGPYTDRLAAAARENRMHFVIGVIERDGGTLYCTALFFSPEGRLLGKHRKLMPTAMERLVWGFGDGSTIPVIDTPIGKMGAVICWENYMPLLRMAMYSKGIQLYCAPTADDRETWVPTMRHIALEGRCFVLTSCQYIKRGSFPPDYAAIQGDDPETVMMRGGSCIVDPLGRVLAGPDYEGECILTADIDLNDIARAKFDFDVVGHYARPEVFKLYVNETATPPVVSCGDQSGEPFVAAREAKAKDQ
A5ETE9	A5ETE9	A5ETE9_BRASB	MSNDRSFTAAMVQMRTALLPEPSLEQGTRLIREAVAQGAEYVQTPEVSNMMQLNRTALFAQLKSEEDDPSLKAYRALAKELGIHLHIGSLALRFSDEKAVNRSFLIGPDGTVLASYDKIHMFDIDLPGGESYRESANYQPGETAVISDLPWGRLGLTICYDVRFPALYRALAESGASFISVPSAFTRKTGEAHWHTLLRARAIETGCFVFAAAQCGLHENKRETFGHSLIIDPWGEILAEGGVEPGVIVARIDPARVETVRQTIPSLQHGRRFGIADPKAGPDYLHLVRGSA
Q2J474	Q2J474	Q2J474_RHOP2	MTETAPFNAALVQMRTGLLPGPSLEQGTKLIREAAAAGADYVLTPEVSNMMQLNREALFDQLADEDSDVSLKAYRDLARELKIHLHIGSLALRASPDRAVNRSFLIDPSGTILASYDKIHMFDIDLGNGESYRESANYQPGETAVISDLPWGRIGLTICYDVRFPALYRALAEAGASFISVPAAFTRPTGEAHWHVLLRARAIENGCFVFAAAQGGLHENKRETYGHSLIIDPWGVVLAEGGVDPGFVMARIDPAEVGKARGKIPSLQHGRRFTLVDAKATPDYLHLVREQT
Q5LLB2	Q5LLB2	Q5LLB2_RUEPO	MLPLQDFPKFTAAAVQASPVFLDAHKTAQKAVDLIAEAAGNGAELVVFPEVFIPGYPYWNWITDPVTGGAWFEKLVRASVFADGPEIDVIRDAARAHGCHVVMGLNERSPVSLGALYNTLLFIGPDGEVIGKHRKLVPTWAEKLTWTGGDGSSLKVYDTAIGPLGGLACGENTNTLARFTLLAQGELVHTASYISLPVAPPDYDMAEAIKLRSMSHSFEGKVFTVTATSTVSEEIIEAMEQVRPNARELLQRKSSAYSGVIGPDGREVVTGLIDDEGIVYAEIDLGKCIQPKQMHDITGHYNRFDIFDLRVNQRRQTPVALSGAAVTFTNEHEQADGSTEPASE
E3HN55	E3HN55	E3HN55_ACHXA	MSMQQSFKAAVIQAASIPTDSIACAEKAASLIRQAAEQGARVLVFPEAFLGGYPKGNSFGAPIGMRKPEGRDAFASYHRQAIRLDGEEVALVAQAAADTDSFVVMGCIEADGGTLYCTVLYFNGREGLAGKHRKLMPTAGERLIWGFGDGSTMPVFDTPYGKIGAVICWENYMPMLRMYMYSQGVALYCAPTADDRDSWIPSMRHIALEGRCYVLTACQHLRRDAYPDDFECALGDAPDTVLMRGGSAIIDPLGEVLAGPDFSAETILYADINPNQILRGKYDFDVSGHYARPDVFQLQVDTREKRAVSALNGGQKQEA
F0Q9Y1	F0Q9Y1	F0Q9Y1_PARA1	MLELPKFKAAAVQAAPVFLDTDATVDKVCRLIAEAAGNGAQLVAFPEVFVAGYPYWSWIANPIDGSPWFERLARSAIEIPGPEIAKIAQAAARHKTHVVIGVNERSRHGIGTIYNTLVTIGDDGRILGRHRKLVPTWAEKLTWAPGDASALRVHRTSIGPLGSLACGENTNTLARFALLSQGELVHVASYISLPVAPPDYDMAEAIKVRAAAHCFEGKLFTIVSCSTVSEEIITAMEPLNPKARELLTRKNSAFSGFLGPDGRVIGQPLIDDEGITYADIDLARCIQPRQMHDITGHYNRFDVFDLRVNRRPLQAARFDDEPADNDALQPRDGGGADAFQEASQ
G8CXY5	G8CXY5	G8CXY5_ALCFA	MQTRKIVRAAAVQAASPNYDLATGVDKTIELARQARDEGCDLIVFGETWLPGYPFHVWLGAPAWSLKYSARYYANSLSLDSAEFQRIAQAARTLGIFIALGYSERSGGSLYLGQCLIDDKGEMLWSRRKLKPTHVERTVFGEGYARDLIVSDTELGRVGALCCWEHLSPLSKYALYSQHEAIHIAAWPSFSLYSEQAHALSAKVNMAASQIYSVEGQCFTIAASSVVTQETLDMLEVGEHNAPLLKVGGGSSMIFAPDGRTLAPYLPHDAEGLIIADLNMEEIAFAKAINDPVGHYSKPEATRLVLDLGHRDPMTRVHSKSVTREEAPEQGVQSKIASVAISHPQDSDTLLVQEPS
Q819F0	Q819F0	Q819F0_BACCR	MKVACIQMDIVFGDVEKNIENAKNKISEAMKERPDVIVLPELWTTGYDLTRLSEIADRDGVETKEKLIEWAKRYDVHIVGGSIAKQTEQGVTNTMYVVNNEGQLVNEYSKVHLFQLMDEHKYLIAGNGTGEFKLDDVECAGTICYDIRFPEWMRVHTAKGAKVLFVVAEWPLVRLAHWRLLLQARAVENQCYVVACNRAGKDPNNVFAGHSLIVDPWGEVVVEANEEESILFGELEFEKIKEVRKGIPVFADRRPELYK
A5MYU1	A5MYU1	A5MYU1_CLOK5	MLNYYRSDIMAKNSIKSVRVAAVQTSPVIMNLDDTVEKTLTLIKKAGEMEASIVVFPEAFISAYPRGLSFGFVVGSRTMEGRKDWQRYYESSVAVPGDITDILGKAAQEADVYLSIGVVEKDSREINRTLYCTNLFFGPDGKLLGKHRKLKPTGTERCVWGEGDGSTLTVIDTPYGKMGSLICWENYMPLARAALYAKGVTIYVAPTADSREEWQCTMRHIALEGRCFVIGCNQYVEKSMYPTDLNYYYELQSQPEIMCPGGSCIVDPFGQYVIEPVYNKEDILVADLDLDKIVQSRIDFDVFGHYSRPDVFELIVHE
C5DH06	C5DH06	C5DH06_LACTC	MMAKKVVAALQVGTSPGGTQETLEKILSYEKEIIEAGAKLIVIPEATLGGYPKGSIFGTYLGYRLQSGREEFRRYHEQAIEIGKGDAYPEIAQLSMLAKRTDATVVCGCIERDGATLYCTMVYIDPVQGLVGKHRKLMPTAGERLIWGRGDGSTLPVVDSAVGKLGGAICWENMMPLLRYAMYEKGVEVWCAPTVDERDIWRTAVQNIGYEGRVFVVSAVQFMPDAKTMGLGEEFGEEGMRRMPGKGTDGSENLINGGSVIINPYGEIIAGPLLGREGLLAAEIDTSLIVESRFEFDPTGHYSRGDVFQLTVNEKSHDTVFIK
D1C8L7	D1C8L7	D1C8L7_SPHTD	MCWCYPGCKWGGPQFRSRKRAALSRPTVRRWAMSTVRAAVVQAAPVAFDLDATLEKTERLLADVDADLVVFPEAFLSAYPRGITFGATVGSRTPEGREWYRRYWESSVEVPGPATRRLGELARERNMYLVMGVIERDGGTLYCTVLFFNPQGELMGKHRKLMPTAAERLVWGYGDGSTLPVFDTPIGKIGAVICWENYMPLMRMAMYQKGIQIYCAPTADQRDTWVASMQHIACEGRCFVLSANQFARRRDYPDDYPIEGVTDPDTVLCRGASMIVSPLGQILAGPAIDGETILTADLDLDDVVRGKYDFDAVGHYSRPDVFQLIVDERPKRPVTFQREPEPAPDAPQEEWAPLPEKQAVPVR
A7TP07	A7TP07	A7TP07_VANPO	MSSILSQKLKVALIQLAGSKPDKSANLQRAAKFIEKALIDQPDTKIVVLPECFNSPYAVDKFREYSEIITPDSMSIKFLSNLASKFNIYLIGGSIPELDPSTDKIYNTSIVFDNRGKLIGTHRKAHLFDVDIPNGITFKESETLSSGDNATTLDTKFGKIGLGICYDMRFPELAMLSARKGAFAMIYPSAFNTVTGPMHWHLLARSRAVDNQIYTMLCSPARDNNSSYKAYGHSLVVNPRGDIIAEAGEGEEIIYAELDPNEIDTFRQGVPVTKQRRFDIYPDVNK
