ID	NAME
CHEBI:2483	adenosylcobyric acid	
CHEBI:3789	cobalt-precorrin-6B	
CHEBI:3790	cobalt-precorrin-2	
CHEBI:3791	cobalt-precorrin-3	
CHEBI:3792	cobalt-precorrin-4	
CHEBI:3793	cobalt-precorrin-5	
CHEBI:3794	cobalt-precorrin-6A	
CHEBI:3795	cobalt-precorrin-8	
CHEBI:3796	cobamide	
CHEBI:15431	magnesium protoporphyrin	
CHEBI:16379	Co-methyl-Co-5-hydroxybenzimidazolylcob(III)amide	
CHEBI:16430	precorrin-4	
CHEBI:17926	hydrogenobyrinic acid	
CHEBI:22686	bacteriochlorophyll b	
CHEBI:23339	cobamic acid	
CHEBI:23345	cobyric acid	
CHEBI:23378	copper cation	
CHEBI:23388	coproporphyrin	
CHEBI:24040	flavin adenine dinucleotide	
CHEBI:24041	flavin mononucleotide	
CHEBI:24875	iron cation	
CHEBI:25111	magnesium porphyrin	
CHEBI:25216	metalloporphyrin	
CHEBI:25372	molybdopterin cofactor	
CHEBI:25516	nickel cation	
CHEBI:26213	porphyrinogen	
CHEBI:26214	porphyrins	
CHEBI:26228	precorrin	
CHEBI:26461	pyrroloquinoline cofactor	
CHEBI:27513	precorrin-6X	
CHEBI:27630	precorrin-5	
CHEBI:27711	precorrin-3B	
CHEBI:27858	precorrin-6Y	
CHEBI:27914	hydrogenobyrinic acid a,c-diamide	
CHEBI:28307	precorrin-3A	
CHEBI:28629	precorrin-8X	
CHEBI:28783	zinc protoporphyrin	
CHEBI:28966	chlorophyll	
CHEBI:29035	manganese(2+)	
CHEBI:29037	copper(3+)	
CHEBI:30033	bacteriochlorophyll a	
CHEBI:30034	(7R,8Z)-bacteriochlorophyll b	
CHEBI:30399	nickel(1+)	
CHEBI:30409	iron-sulfur-molybdenum cofactor	
CHEBI:30788	FADH(.)	
CHEBI:33002	vanadium(4+)	
CHEBI:33003	vanadium(5+)	
CHEBI:33004	vanadium(2+)	
CHEBI:33005	vanadium(1+)	
CHEBI:33222	corrole	
CHEBI:33906	cobalt corrinoid	
CHEBI:33907	cob(III)yrinic acid	
CHEBI:33908	cobinic acid	
CHEBI:33910	chlorins	
CHEBI:33913	corrinoid	
CHEBI:35104	strontium(2+)	
CHEBI:35169	dihydrogenvanadate	
CHEBI:35172	vanadium cation	
CHEBI:36079	polypeptide-derived cofactor	
CHEBI:36158	metalloprotoporphyrin	
CHEBI:36177	cytoporphyrin	
CHEBI:36303	chlorin	
CHEBI:36304	bacteriochlorin	
CHEBI:36321	porphyrinogens	
CHEBI:37136	barium(2+)	
CHEBI:38199	chlorophyll d	
CHEBI:38201	bacteriochlorophyll	
CHEBI:38206	chlorophyllide	
CHEBI:38209	chlorophyllide b	
CHEBI:45686	N(5)-sulfo-FADH2	
CHEBI:46045	L-topaquinone residue	
CHEBI:48568	cyanopseudocoenzyme B12	
CHEBI:48572	pseudocoenzyme B12	
CHEBI:48573	adenosylpseudocoenzyme B12	
CHEBI:48775	cadmium(2+)	
CHEBI:48782	cerium(3+)	
CHEBI:48828	cobalt(2+)	
CHEBI:49415	cobalt(3+)	
CHEBI:49701	lanthanum(3+)	
CHEBI:49807	lead(2+)	
CHEBI:49948	vanadium(3+)	
CHEBI:50528	FMNH(.)	
CHEBI:50997	4-methylideneimidazole-5-one cofactor	
CHEBI:51216	zinc porphyrin	
CHEBI:51701	meso-octamethylporphyrinogen	
CHEBI:52020	6-decylubiquinone	
CHEBI:52178	haloporphyrin	
CHEBI:52180	bromoporphyrin	
CHEBI:52181	beta-bromoporphyrin	
CHEBI:52182	meso-bromoporphyrin	
CHEBI:52183	octaethylporphyrin	
CHEBI:52184	2-bromoporphyrin	
CHEBI:52187	beta-substituted porphyrin	
CHEBI:52188	meso-substituted porphyrin	
CHEBI:52189	10-bromoporphyrin	
CHEBI:52190	borylporphyrin	
CHEBI:52192	diborylporphyrin	
CHEBI:52194	5,10-diborylporphyrin	
CHEBI:52196	monoborylporphyrin	
CHEBI:52197	5-borylporphyrin	
CHEBI:52198	meso-borylporphyrin	
CHEBI:52200	palladium porphyrin	
CHEBI:52203	beta-borylporphyrin	
CHEBI:52204	2-borylporphyrin	
CHEBI:52205	tetraborylporphyrin	
CHEBI:52207	5,10,15,20-tetraborylporphyrin	
CHEBI:52212	diporphyrin	
CHEBI:52213	beta-beta-diporphyrin	
CHEBI:52244	platinum porphyrin	
CHEBI:52277	tetrakis(o-aminophenyl)porphyrin	
CHEBI:52278	tetramesitylporphyrin	
CHEBI:52279	tetraphenylporphyrin	
CHEBI:52469	precorrin-1	
CHEBI:52488	cobalt-precorrin-5A	
CHEBI:52489	cobalt-precorrin-5B	
CHEBI:52490	cobalt-precorrin-7	
CHEBI:52491	cobalt-sirohydrochlorin	
CHEBI:52499	cob(II)yrinic acid	
CHEBI:52532	meso-meso-diporphyrin	
CHEBI:52533	5,10,15-trisubstituted porphyrin	
CHEBI:52534	5,15-disubstituted porphyrin	
CHEBI:52535	dihydroporphyrin	
CHEBI:52536	formylporphyrin	
CHEBI:52537	beta-formylporphyrin	
CHEBI:52538	isoporphyrin	
CHEBI:52539	phenylporphyrin	
CHEBI:52540	triporphyrin	
CHEBI:52541	chloroporphyrin	
CHEBI:52542	5-chloroporphyrin	
CHEBI:52543	2,2'-biporphyrin	
CHEBI:52544	2,5'-biporphyrin	
CHEBI:52545	5,5'-biporphyrin	
CHEBI:52546	5,10,15-trihydroxyporphyrin	
CHEBI:52547	5,15-dihydroxyporphyrin	
CHEBI:52548	5-formylporphyrin	
CHEBI:52558	2-formylporphyrin	
CHEBI:52560	phlorin	
CHEBI:52563	5,5':15',5''-terporphyrin	
CHEBI:52581	bacteriochlorins	
CHEBI:52582	isobacteriochlorins	
CHEBI:52583	isobacteriochlorin	
CHEBI:58416	chlorophyll a(1-)	
CHEBI:58442	pyrroloquinoline quinone(3-)	
CHEBI:58504	adenosylcobyrate	
CHEBI:59559	mesoporphyrins	
CHEBI:59789	S-adenosyl-L-methionine zwitterion	
CHEBI:60197	bacteriochlorophyll c	
CHEBI:60215	W-molybdopterin cofactor	
CHEBI:60342	dipyrromethane cofactor(4-)	
CHEBI:60357	iron-sulfur-vanadium cofactor	
CHEBI:60470	6-hydroxy-FAD(3-)	
CHEBI:60488	cob(I)alamin(1-)	
CHEBI:60492	magnesium protoporphyrin(2-)	
CHEBI:60494	5-hydroxybenzimidazolylcob(I)amide(1-)	
CHEBI:60519	Fe4S2O2 iron-sulfur-oxygen cluster	
CHEBI:60537	tungsten-bis(molybdopterin guanine dinucleotide)(4-)	
CHEBI:60540	coenzyme F430(5-)	
CHEBI:61128	tungsten-bis(molybdopterin guanine dinucleotide)	
CHEBI:61290	chlorophyll f	
CHEBI:61717	ferroheme c(2-)	
CHEBI:61721	chlorophyll b(1-)	
CHEBI:62814	heme d cis-diol(2-)	
CHEBI:64668	geranylgeranyl-chlorophyll a	
CHEBI:68438	Fe-coproporphyrin III(4-)	
CHEBI:70820	cob(II)yrinic acid c monoamide	
CHEBI:71177	tetrahydromonapterin	
CHEBI:71307	WO2-molybdopterin cofactor	
CHEBI:71566	precorrin-7	
CHEBI:72953	decylplastoquinone	
CHEBI:73095	divinyl chlorophyll a(1-)	
CHEBI:73096	divinyl chlorophyll b(1-)	
CHEBI:73373	cobalt(II)-factor III	
CHEBI:76032	7(1)-hydroxychlorophyll a	
CHEBI:81551	bacteriochlorophyllide d	
CHEBI:81552	bacteriochlorophyllide c	
CHEBI:87746	prenyl-FMN(2-)	
CHEBI:91131	geranylgeranyl bacteriochlorophyllide a	
CHEBI:133626	mesoporphyrin IX	
CHEBI:137300	bacteriochlorophyllide e	
CHEBI:137302	7,7-dihydroxybacteriochlorophyllide c	
CHEBI:137373	Ni(II)-pyridinium-3,5-bisthiocarboxylate mononucleotide(1-)	
CHEBI:137399	Ni(II)-pyridinium-3,5-bisthiocarboxylic acid mononucleotide	
CHEBI:137678	nickel-sirohydrochlorin	
CHEBI:137696	nickel-sirohydrochlorin a,c-diamide	
CHEBI:139546	bacteriochlorophyllide f	
CHEBI:139553	7(1)-hydroxybacteriochlorophyllide d	
CHEBI:139555	7(1),7(1)-dihydroxybacteriochlorophyllide d	
CHEBI:140135	8-amino-8-demethylriboflavin 5'-phosphate	
CHEBI:140156	8-formyl-8-demethylriboflavin 5'-phosphate	
CHEBI:142093	(R)-S-adenosyl-L-methionine zwitterion	
CHEBI:142094	(S)-S-adenosyl-L-methionine zwitterion	
CHEBI:89912	Heptacarboxylporphyrin I	
CHEBI:94360	cobalt(3+) [(2R,3S,4R,5S)-5-(5,6-dimethylbenzimidazol-1-yl)-4-hydroxy-2-(hydroxymethyl)oxolan-3-yl] [(2R)-1-[3-[(1S,2R,3R,5Z,7S,10Z,12S,13S,15Z,17S,18S,19R)-2,13,18-tris(2-amino-2-oxoethyl)-7,12,17-tris(3-amino-3-oxopropyl)-3,5,8,8,13,15,18,19-octamethyl-2,7,12,17-tetrahydro-1H-corrin-24-id-3-yl]propanoylamino]propan-2-yl] hydrogen phosphate cyanide	
CHEBI:95139	cobalt(3+) [(2R,3S,4R,5S)-5-(5,6-dimethylbenzimidazol-1-yl)-4-hydroxy-2-(hydroxymethyl)oxolan-3-yl] [(2R)-1-[3-[(1R,2R,3R,4Z,7S,9Z,12S,13S,14Z,17S,18S,19R)-2,13,18-tris(2-amino-2-oxoethyl)-7,12,17-tris(3-amino-3-oxopropyl)-3,5,8,8,13,15,18,19-octamethyl-2,7,12,17-tetrahydro-1H-corrin-21-id-3-yl]propanoylamino]propan-2-yl] hydrogen phosphate cyanidecobalt(3+) [(2R,3S,4R,5S)-5-(5,6-dimethylbenzimidazol-1-yl)-4-hydroxy-2-(hydroxymethyl)oxolan-3-yl] [(2R)-1-[3-[(1R,2R,3R,5Z,7S,10Z,12S,13S,15Z,17S,18S,19R)-2,13,18-tris(2-amino-2-oxoethyl)-7,12,17-tris(3-amino-3-oxopropyl)-3,5,8,8,13,15,18,19-octamethyl-2,7,12,17-tetrahydro-1H-corrin-24-id-3-yl]propanoylamino]propan-2-yl] hydrogen phosphate cyanidecobalt(3+) [(2R,3S,4R,5S)-5-(5,6-dimethylbenzimidazol-1-yl)-4-hydroxy-2-(hydroxymethyl)oxolan-3-yl] [(2R)-1-[3-[(1R,2R,3R,7S,12S,13S,17S,18S,19R)-2,13,18-tris(2-amino-2-oxoethyl)-7,12,17-tris(3-amino-3-oxopropyl)-3,5,8,8,13,15,18,19-octamethyl-2,7,12,17-tetrahydro-1H-corrin-24-id-3-yl]propanoylamino]propan-2-yl] hydrogen	
CHEBI:135875	talaporfin	
CHEBI:141013	cob(II)inamide	
CHEBI:143769	5,10,15,20-tetra(4-pyridyl)-21H,23H-porphine	
CHEBI:157765	5-methoxybenzimidazolylcob(I)amide(1-)	
CHEBI:157767	Co-methyl-5-methoxybenzimidazolylcob(III)amide	
CHEBI:168630	Chlorin E6	
CHEBI:169553	Dimethylprotoporphyrin IX dimethyl ester	
CHEBI:169569	Chlorophyll c	
CHEBI:169840	Harderoporphyrin	
CHEBI:169858	Heptacarboxylporphyrin III	
CHEBI:174230	Pentaporphyrin I	
CHEBI:176424	N-methylmesoporphyrin(2-)	
CHEBI:176951	8-Ethyl-12-methylbacteriochlorophyllide d	
CHEBI:177666	Isocoproporphyrin	
CHEBI:177797	Pentacarboxyl porphyrinogen III	
CHEBI:181410	3-[(3R,21S,22S)-16-Ethenyl-11-ethyl-3-methoxycarbonyl-12,17,21,26-tetramethyl-4-oxo-7,23,24,25-tetrazahexacyclo[18.2.1.15,8.110,13.115,18.02,6]hexacosa-1,5,8(26),9,11,13,15,17,19-nonaen-22-yl]propanoic acid	
CHEBI:183611	Harderoporphyrinogen	
CHEBI:185544	Deuteroporphyrin IX	
CHEBI:189419	chlorophyll a'	
CHEBI:189420	divinylchlorophyll a'	
CHEBI:189438	bacteriochlorophyll e	
CHEBI:190282	8,12-Diethylbacteriochlorophyllide D	
CHEBI:195378	Sulfitocobalamin	
CHEBI:197280	Coproporphyrin II	
CHEBI:221179	Zincphyrin	
CHEBI:225353	Zincmethylphyrin I	
CHEBI:17679	5-hydroxybenzimidazolylcob(I)amide	
CHEBI:18230	chlorophyll a	
CHEBI:27888	chlorophyll b	
CHEBI:29036	copper(2+)	
CHEBI:30402	bis(molybdopterin)tungsten cofactor	
CHEBI:30413	heme	
CHEBI:33221	corrin	
CHEBI:40260	6-hydroxy-FAD	
CHEBI:47739	NiFe4S4 cluster	
CHEBI:49552	copper(1+)	
CHEBI:49786	nickel(2+)	
CHEBI:49883	tetra-mu3-sulfido-tetrairon	
CHEBI:60454	Fe-coproporphyrin III	
CHEBI:60504	iron-sulfur-iron cofactor	
CHEBI:60562	ferroheme c	
CHEBI:73113	divinyl chlorophyll a	
CHEBI:73115	divinyl chlorophyll b	
CHEBI:87749	prenyl-FMN	
CHEBI:177874	NiFe4S5 cluster	
CHEBI:13390	NAD(P)(+)	
CHEBI:13392	NAD(P)H	
CHEBI:16848	coenzyme gamma-F420-2	
CHEBI:17905	coenzyme M	
CHEBI:20884	tetracopper-sulfur cluster	
CHEBI:21137	tri-mu-sulfido-mu3-sulfido-triiron	
CHEBI:21143	Fe8S7 iron-sulfur cluster	
CHEBI:23382	copper-sulfur cluster	
CHEBI:25214	metal-sulfur cluster	
CHEBI:25523	NADP	
CHEBI:25524	NAD(P)	
CHEBI:28265	coenzyme F430	
CHEBI:28890	coenzyme B	
CHEBI:30408	iron-sulfur cluster	
CHEBI:33722	tetra-mu3-sulfido-tetrairon(2+)	
CHEBI:33723	tetra-mu3-sulfido-tetrairon(1+)	
CHEBI:33724	tetra-mu3-sulfido-tetrairon(3+)	
CHEBI:33725	tetra-mu3-sulfido-tetrairon(0)	
CHEBI:33730	mu4-sulfido-quadro-tetracopper	
CHEBI:33737	di-mu-sulfido-diiron(2+)	
CHEBI:33738	di-mu-sulfido-diiron(1+)	
CHEBI:33739	di-mu-sulfido-diiron(0)	
CHEBI:33740	tri-mu-sulfido-mu3-sulfido-triferrate(2-)	
CHEBI:33751	tri-mu-sulfido-mu3-sulfido-triiron(1+)	
CHEBI:33912	mu4-sulfido-quadro-tetracopper(2+)	
CHEBI:33959	mu4-sulfido-quadro-tetracopper(3+)	
CHEBI:33960	mu4-sulfido-quadro-tetracopper(4+)	
CHEBI:33961	mu4-sulfido-quadro-tetracopper(5+)	
CHEBI:33962	mu4-sulfido-quadro-tetracopper(6+)	
CHEBI:43034	7,8-didemethyl-8-hydroxy-5-deazariboflavin	
CHEBI:47402	tri-mu-sulfido-mu3-sulfido-triiron(0)	
CHEBI:48796	iron-sulfur-molybdenum cluster	
CHEBI:49601	Fe2S2 iron-sulfur cluster	
CHEBI:59536	coenzyme F420-1	
CHEBI:59537	coenzyme alpha-F420-3	
CHEBI:59539	coenzyme alpha-F420-3(5-)	
CHEBI:59541	coenzyme gamma-F420-2(4-)	
CHEBI:59543	coenzyme F420-1(3-)	
CHEBI:60400	nickel-iron-sulfur cluster	
CHEBI:61258	NiFe3S4 cluster	
CHEBI:62784	coenzyme F390-A	
CHEBI:62786	coenzyme F390-G	
CHEBI:64606	Fe3S4 iron-sulfur cluster	
CHEBI:64607	Fe4S4 iron-sulfur cluster	
CHEBI:85620	Fe4S3 iron-sulfur cluster	
CHEBI:85715	L cluster	
CHEBI:90170	2-hydro-beta-NADP	
CHEBI:90173	6-hydro-beta-NADP	
CHEBI:133980	oxidised coenzyme F420-(gamma-Glu)n polyanion	
CHEBI:134061	TTQ cofactor	
CHEBI:190135	di-mu-sulfido-diiron	
CHEBI:155971	L-alanyl-4-methylidene-imidazole-5-one-glycyl residue	
CHEBI:167627	(glutathione)4[2Fe(III)-2S] cluster	
CHEBI:15361	pyruvate	
CHEBI:15373	biopterin	
CHEBI:15644	(S)-NADHX(1+)	
CHEBI:26355	heme b	
CHEBI:26916	tetrahydronicotinamide adenine dinucleotide	
CHEBI:36073	heme-thiolate prosthetic group	
CHEBI:36144	ferriheme b	
CHEBI:36161	hematin	
CHEBI:38573	ferroheme	
CHEBI:38574	ferriheme	
CHEBI:41183	D-erythro-biopterin	
CHEBI:44085	N-methylmesoporphyrin	
CHEBI:49423	nickel(3+)	
CHEBI:55376	ferriheme b(1-)	
CHEBI:62810	cis-heme d hydroxychlorin gamma-spirolactone methyl ester	
CHEBI:63931	L-erythro-biopterin	
CHEBI:90171	2-hydro-beta-NAD	
CHEBI:90174	6-hydro-beta-NAD	
CHEBI:150862	premycofactocin	
CHEBI:4222	D-pantetheine 4'-phosphate	
CHEBI:16048	FMNH2	
CHEBI:16474	NADPH	
CHEBI:16858	pantetheine 4'-phosphate	
CHEBI:16908	NADH	
CHEBI:17627	ferroheme b	
CHEBI:18009	NADP(+)	
CHEBI:18023	sirohydrochlorin	
CHEBI:28599	siroheme	
CHEBI:29033	iron(2+)	
CHEBI:36183	ferriheme a	
CHEBI:60052	siroheme(8-)	
CHEBI:60532	ferriheme a(1-)	
CHEBI:61723	D-pantetheine 4'-phosphate(2-)	
CHEBI:62811	heme d cis-diol	
CHEBI:87531	prenyl-FMNH2	
CHEBI:17621	FMN	
CHEBI:4746	echinenone	
CHEBI:8337	porphyrin	
CHEBI:9437	temoporfin	
CHEBI:13389	NAD	
CHEBI:15045	riboflavin cyclic 4',5'-phosphate	
CHEBI:15432	magnesium protoporphyrin 13-monomethyl ester	
CHEBI:15433	magnesium 13(1)-oxoprotoporphyrin 13-monomethyl ester	
CHEBI:15434	magnesium 13(1)-hydroxyprotoporphyrin 13-monomethyl ester	
CHEBI:15438	coproporphyrinogen	
CHEBI:15619	(3Z)-phytochromobilin	
CHEBI:16673	protochlorophyllide	
CHEBI:16768	mycothiol	
CHEBI:16900	chlorophyllide a	
CHEBI:17601	6,7-dimethyl-8-(1-D-ribityl)lumazine	
CHEBI:17803	dehydro-D-arabinono-1,4-lactone	
CHEBI:18356	pyrroloquinoline quinol	
CHEBI:18420	magnesium(2+)	
CHEBI:22894	bis(molybdopterin guanine dinucleotide)molybdenum	
CHEBI:25848	pantothenic acids	
CHEBI:26073	phosphopantetheine	
CHEBI:26116	phytochromobilin	
CHEBI:27258	uroporphyrinogen	
CHEBI:27547	zeaxanthin	
CHEBI:28228	S-acetylphosphopantotheine	
CHEBI:28889	5,6,7,8-tetrahydropteridine	
CHEBI:29101	sodium(1+)	
CHEBI:29103	potassium(1+)	
CHEBI:29105	zinc(2+)	
CHEBI:29108	calcium(2+)	
CHEBI:30616	ATP(4-)	
CHEBI:30619	2,4-divinyl protochlorophyllide a	
CHEBI:31959	pantethine	
CHEBI:32120	sapropterin dihydrochloride	
CHEBI:36160	protoporphyrin monomethyl ester	
CHEBI:38202	chlorophyll c1	
CHEBI:38203	chlorophyll c2	
CHEBI:38259	divinyl chlorophyllide a	
CHEBI:42121	dipyrromethane cofactor	
CHEBI:44409	NADP zwitterion	
CHEBI:47459	cis-heme d hydroxychlorin gamma-spirolactone	
CHEBI:47981	S-acylpantetheine 4'-phosphate(2-)	
CHEBI:48396	7(1)-hydroxychlorophyllide a	
CHEBI:48452	pyrroloquinoline semiquinone	
CHEBI:51215	zinc octaethylporphyrin	
CHEBI:51220	zinc tetramesitylporphyrin	
CHEBI:51221	zinc tetraphenylporphyrin	
CHEBI:51227	magnesium octaethylporphyrin	
CHEBI:51228	magnesium tetraphenylporphyrin	
CHEBI:52199	palladium(II) octaethylporphyrinketone	
CHEBI:52201	palladium(II) meso-tetraphenyl-tetrabenzoporphyrin	
CHEBI:52202	palladium(II)-5,10,15,20-tetrakis-(2,3,4,5,6-pentafluorphenyl)-porphyrin	
CHEBI:52243	platinum(II) octaethylporphyrin	
CHEBI:52246	platinum(II) octaethylporphyrin ketone	
CHEBI:52247	platinum(II) 5,10,15,20-tetrakis-(2,3,4,5,6-pentafluorophenyl)porphyrin	
CHEBI:57299	ATP(3-)	
CHEBI:57453	(6S)-5,6,7,8-tetrahydrofolate(2-)	
CHEBI:57618	FMNH2(2-)	
CHEBI:58201	6,7-dimethyl-8-(1-D-ribityl)lumazine(1-)	
CHEBI:58351	sirohydrochlorin(8-)	
CHEBI:60102	sulfurated eukaryotic molybdenum cofactor(2-)	
CHEBI:60103	L-cysteinyl sulfurated eukaryotic molybdenum cofactor(2-)	
CHEBI:60344	ferroheme b(2-)	
CHEBI:60539	Mo(=O)-bis(molybdopterin guanine dinucleotide)(4-)	
CHEBI:60775	(2R,2(1)S)-8-ethenyl-2(1),2(2)-bis(methoxycarbonyl)-17-(3-methoxy-3-oxopropyl)-2,7,12,18-tetramethyl-2,2(1)-dihydrobenzo[b]porphyrin-13-propanoic acid	
CHEBI:60776	(2S,2(1)R)-8-ethenyl-2(1),2(2)-bis(methoxycarbonyl)-17-(3-methoxy-3-oxopropyl)-2,7,12,18-tetramethyl-2,2(1)-dihydrobenzo[b]porphyrin-13-propanoic acid	
CHEBI:60778	(2R,2(1)S)8-ethenyl-2(1),2(2)-bis(methoxycarbonyl)-13-(3-methoxy-3-oxopropyl)-2,7,12,18-tetramethyl-2,2(1)-dihydrobenzo[b]porphyrin-17-propanoic acid	
CHEBI:60779	(2S,2(1)R)-8-ethenyl-2(1),2(2)-bis(methoxycarbonyl)-13-(3-methoxy-3-oxopropyl)-2,7,12,18-tetramethyl-2,2(1)-dihydrobenzo[b]porphyrin-17-propanoic acid	
CHEBI:60780	(2R,2(1)S)-2(1),2(2)-dicarboxy-8-ethenyl-2,7,12,18-tetramethyl-2,2(1)-dihydrobenzo[b]porphyrin-13,17-dipropanoic acid	
CHEBI:60781	(2S,2(1)R)-2(1),2(2)-dicarboxy-8-ethenyl-2,7,12,18-tetramethyl-2,2(1)-dihydrobenzo[b]porphyrin-13,17-dipropanoic acid	
CHEBI:61145	Mo(=O)-bis(molybdopterin guanine dinucleotide)	
CHEBI:61147	ferroheme d1	
CHEBI:61338	bacillithiol	
CHEBI:62806	iron methylchlorin	
CHEBI:62808	trans-heme d hydroxychlorin gamma-spirolactone	
CHEBI:62812	heme d trans-diol	
CHEBI:63314	coenzyme F420-6	
CHEBI:71302	MoO2-molybdopterin cofactor(2-)	
CHEBI:71306	MoO2-molybdopterin cofactor	
CHEBI:71308	Mo(VI)-molybdopterin cytosine dinucleotide(2-)	
CHEBI:71310	Mo(VI)-molybdopterin guanine dinucleotide(2-)	
CHEBI:71343	Mo(VI)-molybdopterin guanine dinucleotide	
CHEBI:71353	Mo(VI)-molybdopterin cytosine dinucleotide	
CHEBI:73094	Mo(VI)-oxido Se-molybdopterin cytosine dinucleotide(4-)	
CHEBI:74628	3-vinylbacteriochlorophyllide a	
CHEBI:80214	3'-hydroxyechinenone	
CHEBI:83233	Mo(=O)(=S)-molybdopterin cofactor	
CHEBI:83281	ferriheme a3	
CHEBI:85905	cobalt(II)-factor IV	
CHEBI:132310	S-acyl-4'-phosphopantetheine	
CHEBI:132976	S-malonyl-4'-phosphopantetheine	
CHEBI:137699	15,17(3)-seco-F430-17(3)-acid	
CHEBI:140157	8-carboxy-8-demethylriboflavin 5'-phosphate	
CHEBI:146182	(3E)-phytochromobilin	
CHEBI:456215	adenosine 5'-monophosphate(2-)	
CHEBI:15846	NAD(+)	
CHEBI:24480	heme o	
CHEBI:29034	iron(3+)	
CHEBI:30411	cobalamin	
CHEBI:52447	tetrahydrodictyopterin	
CHEBI:231441	Mo(VI)O3-molybdopterin adenosine dinucleotide(4-)	
CHEBI:231442	Mo(VI)O2(OH)-molybdopterin adenosine dinucleotide(4-)	
CHEBI:18408	cobamamide	
CHEBI:15414	S-adenosyl-L-methionine	
CHEBI:15982	cob(I)alamin	
CHEBI:16238	FAD	
CHEBI:16304	cob(II)alamin	
CHEBI:18315	pyrroloquinoline quinone	
CHEBI:28115	methylcobalamin	
CHEBI:30314	(R)-lipoic acid	
CHEBI:58210	FMN(3-)	
CHEBI:59560	sapropterin	
CHEBI:2479	adenosylcobinamide guanosyl diphosphate	
CHEBI:2480	adenosylcobinamide	
CHEBI:2482	adenosylcob(III)yrinic acid a,c-diamide	
CHEBI:7916	pantothenic acid	
CHEBI:9973	vibriobactin	
CHEBI:15346	coenzyme A	
CHEBI:15351	acetyl-CoA	
CHEBI:15372	5,6,7,8-tetrahydrobiopterin	
CHEBI:15435	protoporphyrinogen	
CHEBI:15436	uroporphyrin III	
CHEBI:16189	sulfate	
CHEBI:16509	1,4-benzoquinone	
CHEBI:17439	cyanocob(III)alamin	
CHEBI:17544	hydrogencarbonate	
CHEBI:17694	dihydrolipoamide	
CHEBI:17877	FADH2	
CHEBI:17996	chloride	
CHEBI:21437	Mo-molybdopterin cofactor	
CHEBI:23333	cob(III)alamins	
CHEBI:23334	cobalamins	
CHEBI:24479	heme a	
CHEBI:27484	uroporphyrin I	
CHEBI:27609	coproporphyrin III	
CHEBI:28421	coproporphyrin I	
CHEBI:28938	ammonium	
CHEBI:28956	cobinamide	
CHEBI:30529	nitritocobalamin	
CHEBI:32816	pyruvic acid	
CHEBI:36159	protoporphyrinate	
CHEBI:36162	hematoporphyrin	
CHEBI:36301	ferroheme o	
CHEBI:38150	enterobactin(6-)	
CHEBI:43474	hydrogenphosphate	
CHEBI:43711	(R)-dihydrolipoamide	
CHEBI:44215	NAD zwitterion	
CHEBI:44236	(S)-NADHX	
CHEBI:47942	pantetheine 4'-phosphate(2-)	
CHEBI:50385	hemin	
CHEBI:50602	precorrin-2	
CHEBI:57540	NAD(1-)	
CHEBI:57783	NADPH(4-)	
CHEBI:57925	glutathionate(1-)	
CHEBI:57945	NADH(2-)	
CHEBI:58130	myo-inositol hexakisphosphate(12-)	
CHEBI:58349	NADP(3-)	
CHEBI:60493	adenosylcobalamin 5'-phosphate(2-)	
CHEBI:60652	porfimer	
CHEBI:61152	desferriexochelin 772MS	
CHEBI:61168	desferrimycobactin T	
CHEBI:61346	achromobactin	
CHEBI:62579	carboxymycobactin	
CHEBI:64084	(S)-NADPHX	
CHEBI:64085	(R)-NADPHX	
CHEBI:64241	(6R)-L-threo-tetrahydrobiopterin	
CHEBI:64491	L-erythro-5,6,7,8-tetrahydrobiopterin	
CHEBI:74347	FMN-L-threonine	
CHEBI:81544	3-(1-hydroxyethyl)bacteriochlorophyllide a	
CHEBI:81545	3-(1-hydroxyethyl)chlorophyllide a	
CHEBI:81546	bacteriochlorophyllide a	
CHEBI:81548	3-vinylbacteriochlorophyllide d	
CHEBI:83088	(R)-lipoate	
CHEBI:83127	desferricoprogen(3-)	
CHEBI:84630	vibrioferrin(3-)	
CHEBI:84700	desferrioxamine B(3-)	
CHEBI:84730	desferrioxamine E(3-)	
CHEBI:91128	3-acetylchlorophyllide a	
CHEBI:91291	bacteriochlorophyllide g	
CHEBI:131582	8,12-diethyl-3-vinylbacteriochlorophyllide d	
CHEBI:131587	12-ethyl-8-propyl-3-vinylbacteriochlorophyllide d	
CHEBI:131588	12-ethyl-8-isobutyl-3-vinylbacteriochlorophyllide d	
CHEBI:132253	12,18-didecarboxysirohaem	
CHEBI:133862	desferricoprogen B(3-)	
CHEBI:133868	mevalonyl-CoA	
CHEBI:133870	anhydromevalonyl-CoA	
CHEBI:134125	(R)-NADHX	
CHEBI:136570	(6R)-5,6,7,8-tetrahydrobiopterin	
CHEBI:140315	hydrogen ((13)C)carbonate	
CHEBI:143101	N-(2,3-dihydroxybenzoyl)serine	
CHEBI:15956	biotin	
CHEBI:18405	pyridoxal 5'-phosphate	
CHEBI:29073	L-ascorbic acid	
CHEBI:4356	desferrioxamine B	
CHEBI:7061	myxochelin B	
CHEBI:15430	protoporphyrin	
CHEBI:15437	uroporphyrinogen III	
CHEBI:15439	coproporphyrinogen III	
CHEBI:16753	pantetheine	
CHEBI:17579	beta-carotene	
CHEBI:28607	coproporphyrinogen I	
CHEBI:28766	uroporphyrinogen I	
CHEBI:28855	enterobactin	
CHEBI:29669	pyochelin	
CHEBI:36163	ferroheme a	
CHEBI:36970	vitamin B6 phosphate	
CHEBI:65352	achromobactin free acid	
CHEBI:67183	pyochelin I	
CHEBI:67185	pyochelin II	
CHEBI:74252	rhizobactin 1021	
CHEBI:77805	enterobactin(1-)	
CHEBI:83125	desferricoprogen	
CHEBI:83199	desferrialbomycin delta1	
CHEBI:83200	desferrialbomycin delta2	
CHEBI:83201	desferrialbomycin epsilon	
CHEBI:84724	coelichelin(3-)	
CHEBI:90132	deferrichrome	
CHEBI:132309	S-butyryl-4'-phosphopantetheine	
CHEBI:132311	S-hexanoyl-4'-phosphopantetheine	
CHEBI:132312	S-octanoyl-4'-phosphopantetheine	
CHEBI:132313	S-decanoyl-4'-phosphopantetheine	
CHEBI:132316	S-dodecanoyl-4'-phosphopantetheine	
CHEBI:132319	S-tetradecanoyl-4'-phosphopantetheine	
CHEBI:132320	S-hexadecanoyl-4'-phosphopantetheine	
CHEBI:132321	S-choloyl-4'-phosphopantetheine	
CHEBI:132322	S-(3alpha,7alpha,12alpha-trihydroxy-5beta-cholestan-26-oyl)-4'-phosphopantetheine	
CHEBI:133861	desferricoprogen B	
CHEBI:196587	pseudomonine	
CHEBI:140785	R-cob(III)alamin	
CHEBI:142778	petrobactin(1+)	
CHEBI:1989	(6R)-5,10-methylenetetrahydrofolic acid	
CHEBI:9532	thiamine(1+) diphosphate	
CHEBI:15422	ATP	
CHEBI:15635	(6S)-5,6,7,8-tetrahydrofolic acid	
CHEBI:15636	(6R)-5,10-methylenetetrahydrofolate(2-)	
CHEBI:15852	aquacob(III)alamin	
CHEBI:16027	adenosine 5'-monophosphate	
CHEBI:16680	S-adenosyl-L-homocysteine	
CHEBI:16709	pyridoxine	
CHEBI:16856	glutathione	
CHEBI:17310	pyridoxal	
CHEBI:17401	myo-inositol hexakisphosphate	
CHEBI:17594	hydroquinone	
CHEBI:18067	phylloquinone	
CHEBI:18157	aerobactin	
CHEBI:18335	pyridoxamine 5'-phosphate	
CHEBI:27786	hydroxocobalamin	
CHEBI:27956	L-dehydroascorbic acid	
CHEBI:28803	pyridoxine 5'-phosphate	
CHEBI:28911	cob(III)alamin	
CHEBI:29707	yersiniabactin	
CHEBI:33440	(R)-S-adenosyl-L-methionine	
CHEBI:33442	(S)-S-adenosyl-L-methionine	
CHEBI:38290	L-ascorbate	
CHEBI:50437	desferrioxamine E	
CHEBI:57586	biotinate	
CHEBI:57692	FAD(3-)	
CHEBI:57986	riboflavin(1-)	
CHEBI:58937	thiamine(1+) diphosphate(3-)	
CHEBI:61345	chrysobactin	
CHEBI:66065	IC202A	
CHEBI:66067	IC202C	
CHEBI:80049	coelichelin	
CHEBI:83198	desferrialbomycins	
CHEBI:84046	pyoverdine	
CHEBI:84582	schizokinen	
CHEBI:84585	vibrioferrin	
CHEBI:84711	staphyloferrin A	
CHEBI:84731	rhodotorulic acid	
CHEBI:131529	pyridoxal hydrochloride	
CHEBI:134612	staphyloferrin B	
CHEBI:157682	vanchrobactin	
CHEBI:171659	quinolobactin	
CHEBI:209443	bisucaberin B	
CHEBI:597326	pyridoxal 5'-phosphate(2-)	
CHEBI:17015	riboflavin	
CHEBI:44245	menaquinone-7	
CHEBI:46905	(R)-pantothenic acid	
CHEBI:113451	sodium ascorbate	
CHEBI:140376	cefiderocol	
CHEBI:16240	hydrogen peroxide	
CHEBI:17154	nicotinamide	
